Name,ID,Which person you have shared a ride?
Elham Azizi,2,50
Danish,3,
Drumil,4,
Mohammed Abid,5,
Neha Ejaz,6,-
Shahrbanoo Zomorodzadeh,7,
Israt Jahan Jui,8,
Ayush Vyas,9,
Sri Nikitha Varada,10,"32,33"
Tamilselvan (Tamilesh) Balasuntharam,11,
Gowtham Koppada ,12,29
Francel,13,
Parshant Kumar,14,
Shailee,15,
Ali Raamish,16,
Felipe Megale,17,
Dishaben Vitthani,18,
Shweta Jacob,19,41
Zining Song,20,
Marzieh Ahmadi,21,
Gorasiya Jahnvi ,22,
Satya Sannihith Lingutla,23,40
Khan Khalid,24,
Prajwal,25,
Sanjana Shashibhushan,26,
Joseph Adelakun,27,
Bhavik Naik,28,
Meher Viswanath,29,"12,31"
Abe,30,
Alekhya Tanniru,31,29
haritha,32,"10,33"
Sharmila,33,"10,32,53,54"
Zixin Zhao,34,
Nicholas Bode,35,
Sai Hemanth Bheemineni,36,40
Saiedeh Pourmehran,37,
Devika Padam,38,
Claire,39,
RIshivarun Goud Sukka,40,"36,23"
Paul Louis,41,19
Manoj Chunduru,42,"26,47,43,53,54"
Raj Kumar,43,42
Wenyan Wang,44,
Mohammad Khalkhali Zavieh,45,
Nikhil Gupta,47,"54,42,53,26"
Anant Nayak,48,25
Raj Kumar,49,
negin tabaraki,50,"2,7"
Temitayo Hayes,51,
Parisa Sargolzaei,52,2
Tanya Mary Udmala,53,"26,42,47,54,33,32,10,57"
Pooja Pucha,54,"26,42,47,53,57"
Ashika Mattu,55,
Sahar Hojati,56,
Kalyan Reddy Pedalanka,57,"53,54"
pallavi nayak,60,
Rotimi Omotayo-Benson,63,
Sage M.,69,
Stephen S.,70,1
